SpineBase;;;SpineMid;;;Neck;;;Head;;;ShoulderLeft;;;ElbowLeft;;;WristLeft;;;HandLeft;;;ShoulderRight;;;ElbowRight;;;WristRight;;;HandRight;;;HipLeft;;;KneeLeft;;;AnkleLeft;;;FootLeft;;;HipRight;;;KneeRight;;;AnkleRight;;;FootRight;;;SpineShoulder;;;HandTipLeft;;;ThumbLeft;;;HandTipRight;;;ThumbRight;;;
X;Y;Z;X;Y;Z;X;Y;Z;X;Y;Z;X;Y;Z;X;Y;Z;X;Y;Z;X;Y;Z;X;Y;Z;X;Y;Z;X;Y;Z;X;Y;Z;X;Y;Z;X;Y;Z;X;Y;Z;X;Y;Z;X;Y;Z;X;Y;Z;X;Y;Z;X;Y;Z;X;Y;Z;X;Y;Z;X;Y;Z;X;Y;Z;X;Y;Z;
-0,478493;-0,8552383;2,352854;-0,4601155;-0,5666534;2,444909;-0,4404248;-0,2815342;2,52636;-0,4532612;-0,2090141;2,598963;-0,5047619;-0,4087703;2,373249;-0,5899627;-0,5736912;2,312563;-0,65882;-0,75122;2,285074;-0,6813633;-0,8046392;2,277421;-0,2965427;-0,4220031;2,467553;-0,2510081;-0,6087862;2,470562;-0,221659;-0,7471978;2,458318;-0,212161;-0,7940178;2,45703;-0,5208775;-0,843427;2,306689;-0,5649131;-1,07342;2,207296;-0,5921758;-1,30791;2,236074;-0,5710884;-1,20022;2,208838;-0,426191;-0,8493015;2,35019;-0,3590751;-1,079555;2,380138;-0,4274151;-1,023641;2,598117;-0,447825;-1,020229;2,481318;-0,4455989;-0,3524368;2,507823;-0,7024034;-0,8454108;2,271753;-0,6333628;-0,8263725;2,277455;-0,2115539;-0,7917455;2,449999;-0,2107619;-0,7887816;2,440827;
-0,4879921;-0,8402423;2,366721;-0,4686978;-0,5613707;2,456334;-0,4496036;-0,2830286;2,537346;-0,4600309;-0,2075309;2,608378;-0,5210434;-0,4094657;2,383448;-0,6114105;-0,577253;2,327322;-0,689801;-0,7556754;2,313061;-0,7041902;-0,8046605;2,308087;-0,3037216;-0,4234946;2,479282;-0,2592753;-0,6145697;2,480159;-0,2176964;-0,7523451;2,459194;-0,2041354;-0,7989709;2,455051;-0,5303935;-0,8279865;2,320933;-0,5758306;-1,065912;2,231867;-0,6957853;-0,8461376;2,215903;-0,6411444;-0,9225419;2,203702;-0,4353214;-0,8347765;2,362658;-0,44907;-1,0806;2,375243;-0,2895335;-0,8918813;2,32225;-0,3642052;-0,9338255;2,266515;-0,4544359;-0,3522714;2,518712;-0,7065856;-0,8573656;2,31769;-0,6705136;-0,806958;2,32925;-0,2035397;-0,7966391;2,447886;-0,2030721;-0,7934114;2,438629;
-0,4992558;-0,8376508;2,390966;-0,4876512;-0,5593505;2,484123;-0,4759766;-0,2853944;2,565882;-0,484946;-0,2068814;2,637311;-0,5424193;-0,4119667;2,402898;-0,6403998;-0,5820727;2,357641;-0,7217771;-0,762884;2,351717;-0,7430938;-0,8146002;2,345332;-0,3171855;-0,4255319;2,502308;-0,2717263;-0,6205039;2,495103;-0,2570444;-0,7664481;2,484884;-0,2524934;-0,8158695;2,48462;-0,5420032;-0,824756;2,343728;-0,5779623;-1,067854;2,248001;-0,7430202;-0,8737904;2,239255;-0,6711439;-0,9411595;2,215066;-0,4450411;-0,8312485;2,383119;-0,4435275;-1,080073;2,402622;-0,2947453;-0,8849044;2,321522;-0,373629;-0,9275889;2,273829;-0,479129;-0,35336;2,547501;-0,7519512;-0,8699712;2,356785;-0,7051499;-0,7991213;2,356375;-0,2516911;-0,8132773;2,476725;-0,2506447;-0,8098962;2,466429;
-0,5133851;-0,8342795;2,412744;-0,503743;-0,5584558;2,503808;-0,4925908;-0,2866581;2,582625;-0,4933402;-0,2072123;2,656181;-0,5625473;-0,4154162;2,425688;-0,6629034;-0,587615;2,379845;-0,7438766;-0,7717453;2,377144;-0,7725062;-0,8262818;2,379564;-0,3275683;-0,4420278;2,515268;-0,2819009;-0,6400065;2,508392;-0,2827185;-0,7880885;2,484313;-0,2833587;-0,8382775;2,479559;-0,5581282;-0,8178959;2,366234;-0,595473;-1,061784;2,257987;-0,7569414;-0,8599405;2,23534;-0,683448;-0,9281031;2,210966;-0,4567069;-0,8303273;2,401919;-0,4726436;-1,083059;2,415099;-0,302926;-0,8965031;2,342476;-0,3805321;-0,9398876;2,286334;-0,4956891;-0,3541668;2,565035;-0,7862595;-0,8844524;2,401052;-0,7427803;-0,8171874;2,378769;-0,2824208;-0,8355029;2,471352;-0,2811975;-0,8318838;2,460647;
-0,5304869;-0,8391414;2,428294;-0,5211127;-0,5630552;2,519037;-0,5099586;-0,2906532;2,598191;-0,5147851;-0,216018;2,67486;-0,5792038;-0,4181992;2,442227;-0,6837621;-0,5818016;2,406286;-0,7625695;-0,7592944;2,415968;-0,7852157;-0,8182964;2,415928;-0,3888398;-0,4345272;2,516781;-0,3161313;-0,6176968;2,517631;-0,338013;-0,7595905;2,520364;-0,3738044;-0,7823009;2,466964;-0,5734679;-0,8239552;2,373274;-0,5969004;-1,055978;2,283353;-0,6628227;-1,279433;2,271933;-0,6173306;-1,175873;2,235002;-0,4761948;-0,8350222;2,43237;-0,642378;-0,9699948;2,28967;-0,37706;-0,8943754;2,364588;-0,4385248;-0,9457809;2,2979;-0,5130881;-0,3583628;2,580424;-0,7965784;-0,8690295;2,42729;-0,7571873;-0,8043963;2,4076;-0,3710936;-0,8185835;2,460165;-0,3771355;-0,7530224;2,448167;
-0,537029;-0,8390592;2,442554;-0,5307736;-0,5653214;2,533943;-0,5236073;-0,2959885;2,614059;-0,5202881;-0,2197502;2,690331;-0,5961226;-0,4234323;2,460994;-0,7051633;-0,5896181;2,437967;-0,7819676;-0,7720094;2,447573;-0,8102869;-0,8313149;2,456935;-0,3563962;-0,4617007;2,557112;-0,3116045;-0,6573951;2,536217;-0,3692285;-0,7920163;2,518774;-0,3859596;-0,8191861;2,490101;-0,5812184;-0,8226417;2,390786;-0,6325837;-1,055876;2,298626;-0,6455954;-1,292547;2,250432;-0,6133642;-1,181799;2,237814;-0,4802301;-0,8356603;2,439671;-0,6591437;-0,9745629;2,307626;-0,4259275;-0,9817321;2,417787;-0,4978606;-1,008126;2,337838;-0,5256563;-0,3628543;2,596054;-0,8181338;-0,8853779;2,472412;-0,7818635;-0,8324335;2,445231;-0,3806605;-0,8483668;2,47943;-0,3874421;-0,7870878;2,464;
-0,02558603;-0,7195337;1,681777;-0,03399289;-0,4111888;1,776233;-0,04187296;-0,1105295;1,854985;-0,05063613;-0,02828433;1,926269;-0,1687448;-0,2418718;1,695741;-0,2543564;-0,4419698;1,656357;-0,319917;-0,639834;1,699636;-0,3190054;-0,6646934;1,720847;0,1175034;-0,2445426;1,787708;0,2027281;-0,4459805;1,776661;0,2235555;-0,6616743;1,776089;0,2394133;-0,6936368;1,775389;-0,07056477;-0,70627;1,627337;-0,1345629;-1,023568;1,546019;-0,1958704;-1,332597;1,49255;-0,1780951;-1,34061;1,379714;0,02027951;-0,7064437;1,674593;0,02701594;-1,025586;1,702428;0,03366353;-1,336772;1,753337;0,06318331;-1,379115;1,662734;-0,03998059;-0,1847412;1,837763;-0,333966;-0,704784;1,763705;-0,2814887;-0,667914;1,701637;0,2585244;-0,7414961;1,784213;0,2662883;-0,6644896;1,77;
-0,03484412;-0,7223485;1,681988;-0,04358777;-0,4140284;1,780377;-0,05217585;-0,1129879;1,864648;-0,06063727;-0,03109799;1,935175;-0,1831468;-0,2446692;1,708719;-0,2652583;-0,4437031;1,671251;-0,3253973;-0,6353372;1,70097;-0,3334273;-0,65596;1,727481;0,1129392;-0,2475635;1,793076;0,1965661;-0,4471875;1,779979;0,2181182;-0,6606491;1,777694;0,2266568;-0,6897193;1,780104;-0,08951888;-0,710905;1,630402;-0,1217546;-0,9924783;1,548846;-0,1572491;-1,3014;1,488234;-0,1380423;-1,306589;1,376419;0,01713874;-0,7088199;1,675109;0,02082062;-0,9881786;1,703413;0,02499257;-1,295104;1,760576;0,05058487;-1,342926;1,674738;-0,05008494;-0,1873587;1,845837;-0,3442068;-0,6959359;1,766103;-0,2959782;-0,6548473;1,703133;0,2545365;-0,7358391;1,791322;0,2514927;-0,6412838;1,772455;
-0,1574693;-0,8028579;1,965867;-0,1711872;-0,4933404;2,051378;-0,1834908;-0,1898786;2,122231;-0,197118;-0,1099672;2,197749;-0,3160609;-0,3113062;1,957926;-0,4180851;-0,5313746;1,907097;-0,4460025;-0,7267276;1,918206;-0,4574118;-0,7770079;1,945158;-0,00737943;-0,337524;2,056146;0,06184278;-0,5728359;2,025482;0,06434571;-0,8164917;2,015607;0,05605303;-0,88796;2,019619;-0,2139621;-0,7854637;1,910777;-0,2675548;-1,096138;1,820361;-0,3251941;-1,424167;1,753598;-0,3012376;-1,432362;1,634309;-0,09606659;-0,7949888;1,959087;-0,1472933;-1,065791;1,944321;-0,2167672;-1,438478;1,961824;-0,1989517;-1,475673;1,85401;-0,1806416;-0,2650181;2,106922;-0,4702932;-0,8366485;1,962455;-0,4164459;-0,7698412;1,938334;0,06232724;-0,9477613;2,016765;0,08260798;-0,8566234;2,004786;
-0,3908078;-0,8652961;2,21984;-0,3791665;-0,5517688;2,312706;-0,3658582;-0,2436556;2,391073;-0,3961728;-0,1628458;2,467656;-0,4949476;-0,3701499;2,230384;-0,604889;-0,6037726;2,17637;-0,650945;-0,8204568;2,219422;-0,664186;-0,876655;2,260044;-0,1859966;-0,3824719;2,319282;-0,09861887;-0,6301425;2,300279;-0,1007186;-0,8207446;2,308076;-0,1160057;-0,8716273;2,329967;-0,4475789;-0,8505106;2,167112;-0,5773013;-1,089961;2,165998;-0,7529596;-1,414617;2,201495;-0,7676119;-1,458712;2,096923;-0,3228569;-0,855285;2,20895;-0,2752273;-1,109255;2,134998;-0,2118704;-1,495873;2,068958;-0,1749688;-1,495598;1,949624;-0,3694882;-0,320063;2,373916;-0,6842391;-0,9347346;2,272112;-0,622869;-0,8560217;2,244857;-0,116104;-0,9408601;2,350727;-0,07825848;-0,8407421;2,321;
-0,4944237;-0,9006535;2,312523;-0,485206;-0,5847078;2,409351;-0,47379;-0,273984;2,491581;-0,5164227;-0,1942975;2,570109;-0,6339468;-0,4134869;2,340266;-0,730812;-0,6486204;2,295423;-0,7351334;-0,8441357;2,318044;-0,7527657;-0,8823788;2,361893;-0,2935173;-0,4147147;2,411979;-0,2086887;-0,6723735;2,371229;-0,2005211;-0,9149084;2,382605;-0,2028075;-0,9953651;2,40117;-0,5526691;-0,887852;2,263076;-0,6346729;-1,1389;2,259295;-0,7954058;-1,493934;2,326254;-0,8165644;-1,544572;2,231845;-0,4223496;-0,8882546;2,297264;-0,3387085;-1,146592;2,256761;-0,5257177;-1,433302;2,03714;-0,5413667;-1,34202;1,918418;-0,4770407;-0,3510793;2,473491;-0,7366806;-0,9574432;2,38054;-0,7311647;-0,8485254;2,31375;-0,2133728;-1,05273;2,395224;-0,1677886;-1,001598;2,370636;
-0,5034312;-0,9032754;2,323756;-0,499959;-0,5855023;2,422328;-0,495957;-0,2724345;2,506511;-0,5306208;-0,1850137;2,584739;-0,6462328;-0,4141373;2,349515;-0,744365;-0,652077;2,309206;-0,7641072;-0,8515016;2,336038;-0,7737675;-0,8889803;2,389308;-0,3201679;-0,4071251;2,428262;-0,2209165;-0,6675782;2,378573;-0,2065213;-0,9113821;2,382986;-0,2188948;-0,9876605;2,399544;-0,5629646;-0,8915441;2,274293;-0,6447229;-1,156527;2,265648;-0,7693674;-1,543344;2,295397;-0,7697357;-1,584382;2,182319;-0,4298135;-0,8895597;2,307467;-0,3587732;-1,162358;2,298776;-0,5303902;-1,339756;2,012093;-0,5194598;-1,299395;1,880224;-0,4972109;-0,3501685;2,487937;-0,768719;-0,9165384;2,400786;-0,7500938;-0,888394;2,359;-0,2264292;-1,04973;2,399789;-0,1826884;-0,9992248;2,362381;
-0,5257984;-0,9073288;2,350233;-0,5244442;-0,5854415;2,447311;-0,520246;-0,268936;2,528944;-0,5586565;-0,1826144;2,616207;-0,6568562;-0,4068936;2,382045;-0,7711886;-0,650875;2,337347;-0,774708;-0,8580104;2,354911;-0,7950814;-0,8851425;2,412747;-0,3371842;-0,4068627;2,438784;-0,2421276;-0,6759956;2,389454;-0,228218;-0,9116224;2,389827;-0,2355795;-0,9836768;2,400555;-0,5884064;-0,8945919;2,304191;-0,6595782;-1,172441;2,279585;-0,6030039;-1,550387;2,431056;-0,5335378;-1,608194;2,396315;-0,4484868;-0,8941658;2,329778;-0,3900031;-1,174684;2,341008;-0,4409698;-1,503653;2,077285;-0,4452413;-1,411396;1,949207;-0,5217922;-0,3474423;2,511119;-0,7951126;-0,9194326;2,428275;-0,7786419;-0,8945096;2,3956;-0,2448757;-1,046924;2,390779;-0,1980497;-0,9795442;2,369643;
-0,5399334;-0,908953;2,367189;-0,5388348;-0,5849031;2,46694;-0,5352868;-0,2661119;2,552182;-0,5775911;-0,1764464;2,637372;-0,6926787;-0,4127356;2,402619;-0,7908713;-0,6489016;2,358339;-0,7891545;-0,8593241;2,372135;-0,8065251;-0,8473674;2,401027;-0,3409972;-0,4146064;2,44945;-0,2522781;-0,6893035;2,397596;-0,2419784;-0,9117495;2,392811;-0,2554026;-0,980935;2,401532;-0,6019357;-0,8949429;2,320997;-0,6709227;-1,183103;2,293144;-0,6791653;-1,531431;2,521518;-0,6690757;-1,616292;2,527831;-0,4625274;-0,8969778;2,345855;-0,3946361;-1,181231;2,376302;-0,6015831;-1,545092;2,292005;-0,6407051;-1,469497;2,160378;-0,5366281;-0,3452156;2,533356;-0,8156939;-0,8831989;2,434618;-0,7845705;-0,8528679;2,375625;-0,2671267;-1,04192;2,386877;-0,2204225;-0,9751548;2,369591;
-0,5500747;-0,9043685;2,387137;-0,5509745;-0,58412;2,484747;-0,5494263;-0,2691702;2,567924;-0,5954938;-0,1803519;2,656452;-0,7057586;-0,4153307;2,417845;-0,8130627;-0,6487324;2,385311;-0,7936239;-0,8626349;2,384141;-0,8134625;-0,852041;2,408354;-0,3882188;-0,4066817;2,47502;-0,2808493;-0,6773446;2,411588;-0,2670773;-0,9068027;2,400453;-0,2794884;-0,9783537;2,410023;-0,6112432;-0,8874914;2,34288;-0,6770316;-1,181502;2,307176;-0,712481;-1,571231;2,463951;-0,7042754;-1,660438;2,413618;-0,473249;-0,8951;2,363655;-0,4097195;-1,180629;2,409827;-0,4865184;-1,600906;2,387904;-0,5148365;-1,588019;2,236466;-0,5502659;-0,3472959;2,549635;-0,8100367;-0,8828893;2,413871;-0,7758794;-0,8558613;2,344125;-0,2960112;-1,040974;2,397918;-0,2443262;-0,9805738;2,375882;
-0,5560683;-0,9015587;2,401017;-0,5604503;-0,5818859;2,502514;-0,5625622;-0,2680539;2,589282;-0,6122614;-0,1778874;2,674466;-0,7138054;-0,4105459;2,448533;-0,8323503;-0,6501938;2,407546;-0,8611736;-0,8612239;2,434598;-0,8484412;-0,8811969;2,47986;-0,3958485;-0,405693;2,482474;-0,2911786;-0,680583;2,41612;-0,2835309;-0,9037059;2,40571;-0,3007239;-0,9730402;2,414404;-0,6180374;-0,8843707;2,357576;-0,6884966;-1,180808;2,314852;-0,585592;-1,574786;2,441898;-0,4896319;-1,612055;2,39314;-0,4781854;-0,8928264;2,375828;-0,5008576;-1,186112;2,418523;-0,2750452;-1,539605;2,509757;-0,1766612;-1,49526;2,397837;-0,5624991;-0,3458634;2,570146;-0,8357971;-0,9114091;2,484281;-0,8375734;-0,8863198;2,435035;-0,310512;-1,031248;2,39341;-0,2674001;-0,9806689;2,376117;
-0,5728971;-0,899693;2,425185;-0,5733103;-0,5840392;2,522887;-0,571612;-0,273193;2,606012;-0,6251992;-0,1840228;2,692786;-0,7283438;-0,4121215;2,46954;-0,8525282;-0,6568472;2,431888;-0,8746148;-0,8720343;2,45236;-0,8252743;-0,8961208;2,436574;-0,404007;-0,4075006;2,493109;-0,3032219;-0,6837065;2,422282;-0,3033975;-0,9027544;2,408279;-0,3197804;-0,9688308;2,421068;-0,6362436;-0,882275;2,382814;-0,6977541;-1,184081;2,325694;-0,5857583;-1,59118;2,410059;-0,4906944;-1,616913;2,334368;-0,4932908;-0,8914571;2,398568;-0,5119603;-1,189808;2,436939;-0,2512636;-1,538626;2,431977;-0,1818169;-1,471582;2,302326;-0,572467;-0,3503483;2,587749;-0,8047839;-0,9099722;2,391285;-0,7977461;-0,8958658;2,377;-0,3318009;-1,027587;2,398815;-0,2848526;-0,975598;2,370833;
-0,575748;-0,900566;2,438487;-0,5825095;-0,5848514;2,541395;-0,5888094;-0,2744013;2,630399;-0,6423612;-0,1860817;2,721614;-0,7429165;-0,4158627;2,489328;-0,8636822;-0,6609872;2,452129;-0,872931;-0,87847;2,477913;-0,8733741;-0,8669295;2,503883;-0,426956;-0,4028566;2,515105;-0,3179316;-0,6778945;2,428101;-0,3181115;-0,8989336;2,412263;-0,33615;-0,9663247;2,429248;-0,6390292;-0,8843735;2,398133;-0,7128819;-1,185147;2,337566;-0,393549;-1,426775;2,301725;-0,3337697;-1,395714;2,173965;-0,4960825;-0,8912977;2,409743;-0,5388741;-1,18749;2,452803;-0,2751788;-1,535478;2,421512;-0,2135126;-1,463463;2,288702;-0,5875642;-0,3514166;2,610664;-0,8783498;-0,9076257;2,549401;-0,8673267;-0,8723487;2,498;-0,3603497;-1,040057;2,410589;-0,307867;-0,9724027;2,3835;
-0,5807196;-0,9015618;2,453977;-0,5909534;-0,5867003;2,557531;-0,5988193;-0,2771648;2,64554;-0,6462418;-0,1869637;2,740458;-0,7617033;-0,4181191;2,516992;-0,8730315;-0,665879;2,475778;-0,9227643;-0,8788427;2,496236;-0,8853869;-0,8905184;2,550011;-0,4366993;-0,404944;2,521754;-0,3372251;-0,6603404;2,438521;-0,3335565;-0,8823331;2,41983;-0,3552571;-0,9557083;2,43595;-0,6437802;-0,8861082;2,413012;-0,7184815;-1,188632;2,343617;-0,3678114;-1,362994;2,292405;-0,3133805;-1,321627;2,162785;-0,5011382;-0,8914794;2,425332;-0,5397455;-1,192669;2,461981;-0,2724679;-1,540528;2,461114;-0,2048029;-1,474634;2,328101;-0,5973641;-0,3539652;2,626171;-0,8848708;-0,8934377;2,548455;-0,8777443;-0,8828315;2,528;-0,3683757;-1,020024;2,414936;-0,3268083;-0,9767348;2,390714;
-0,5888492;-0,9052342;2,467701;-0,5968888;-0,5899066;2,572045;-0,6022943;-0,2800536;2,661432;-0,6538864;-0,1895433;2,753617;-0,770692;-0,4165542;2,538814;-0,8850847;-0,6672431;2,499813;-0,9226033;-0,8857837;2,502292;-0,9364511;-0,9596162;2,506922;-0,4492795;-0,4087807;2,534178;-0,3439538;-0,6589049;2,445069;-0,3457568;-0,8817494;2,426666;-0,3684201;-0,9556233;2,442515;-0,6520301;-0,8904173;2,429266;-0,7233385;-1,194934;2,351308;-0,7397527;-1,512536;2,291858;-0,7144859;-1,364475;2,266045;-0,508949;-0,8945228;2,436589;-0,5458636;-1,198318;2,471457;-0,3440264;-1,214777;2,717478;-0,3874242;-1,196165;2,563628;-0,6014676;-0,3569193;2,641643;-0,9357322;-0,9622646;2,505498;-0,9283433;-0,9513078;2,485217;-0,384371;-1,023123;2,413067;-0,350062;-0,9924553;2,3965;
-0,621197;-0,9387534;2,552716;-0,6232736;-0,624145;2,665556;-0,6224229;-0,3147054;2,763218;-0,6759238;-0,2221356;2,849783;-0,813577;-0,4556131;2,646492;-0,8519482;-0,6871508;2,569454;-0,9853051;-0,8385859;2,645332;-1,031014;-0,8900685;2,674484;-0,4717139;-0,4422941;2,612876;-0,386823;-0,6755782;2,516083;-0,3831513;-0,8970834;2,485558;-0,4017176;-0,9698727;2,494546;-0,681188;-0,9226262;2,523247;-0,7016123;-1,239085;2,444256;-0,7823737;-1,533327;2,324033;-0,7412635;-1,387994;2,309279;-0,5441465;-0,9291521;2,512216;-0,5862545;-1,239482;2,527319;-0,3497127;-1,244467;2,747168;-0,4058904;-1,218656;2,598574;-0,6231629;-0,3915191;2,74141;-1,030131;-0,8931453;2,672929;-1,02253;-0,8827441;2,652476;-0,4224645;-1,038929;2,463152;-0,3754513;-0,9862213;2,454824;
-0,622288;-0,9435436;2,560638;-0,6234797;-0,6277312;2,671099;-0,6220097;-0,3172639;2,766815;-0,6707806;-0,2245385;2,860383;-0,8103947;-0,4594211;2,648554;-0,9245362;-0,6994619;2,653404;-0,8325815;-0,8724863;2,518436;-0,8339339;-0,8894096;2,511011;-0,4707401;-0,4453355;2,618631;-0,3862433;-0,6772059;2,520241;-0,3848584;-0,8989089;2,492274;-0,4014018;-0,9771256;2,508301;-0,6825773;-0,9266228;2,529122;-0,7030455;-1,246727;2,460639;-0,7794434;-1,552695;2,368337;-0,7409297;-1,405182;2,342875;-0,5448074;-0,9346943;2,522327;-0,5762045;-1,247145;2,547781;-0,764297;-1,512035;2,52412;-0,6686354;-1,401908;2,456465;-0,6228819;-0,3943166;2,745457;-0,8209509;-0,9364036;2,472857;-0,8130367;-0,8543054;2,481546;-0,4238229;-1,05034;2,489986;-0,3690303;-0,9819457;2,482764;
-0,6274662;-0,9497159;2,584275;-0,6258675;-0,6332746;2,694795;-0,6215504;-0,3219952;2,790165;-0,6588731;-0,2259901;2,886883;-0,8107778;-0,4637209;2,666451;-0,9223066;-0,7025802;2,658279;-0,7878609;-0,8563492;2,499081;-0,8019939;-0,8881462;2,502828;-0,4717322;-0,4472047;2,636399;-0,3853516;-0,676468;2,539749;-0,3854048;-0,9007713;2,505915;-0,4002778;-0,9812341;2,52301;-0,6883795;-0,9322442;2,551868;-0,7092509;-1,255867;2,49392;-0,7950968;-1,560865;2,398709;-0,7481005;-1,415085;2,379695;-0,5493453;-0,9413082;2,546218;-0,5720222;-1,258851;2,565897;-0,7681314;-1,518891;2,519488;-0,6702649;-1,406599;2,45977;-0,6231344;-0,3992692;2,768933;-0,787457;-0,9665979;2,464847;-0,7582466;-0,8754699;2,454417;-0,4263945;-1,059891;2,498287;-0,3865606;-0,9698222;2,481778;
-0,6380115;-0,9580933;2,707259;-0,625135;-0,6496058;2,821213;-0,6098475;-0,345813;2,920088;-0,6258034;-0,2592431;3,038025;-0,8127924;-0,4822999;2,813167;-0,8506478;-0,7532189;2,729986;-0,8257256;-0,9567373;2,630691;-0,8016458;-0,9957448;2,614111;-0,4765419;-0,4760437;2,744164;-0,4031875;-0,7068774;2,639405;-0,4090029;-0,928992;2,62474;-0,4169393;-1,003447;2,639421;-0,6971927;-0,9422152;2,677708;-0,69694;-1,266694;2,655603;-0,9430012;-1,355712;2,346716;-0,9653009;-1,301071;2,213957;-0,5620951;-0,9488856;2,66592;-0,5747258;-1,272618;2,64287;-0,7866387;-1,516166;2,67722;-0,7724925;-1,413743;2,598528;-0,6141266;-0,4212811;2,897989;-0,78855;-1,03401;2,601034;-0,7652416;-0,9723794;2,573679;-0,4354933;-1,075199;2,635724;-0,3988592;-1,02207;2,606111;
-0,6384687;-0,959249;2,709774;-0,6254275;-0,6500899;2,823426;-0,6100058;-0,3457463;2,922098;-0,6246982;-0,2594669;3,04056;-0,8131206;-0,4824209;2,81483;-0,8503439;-0,7511525;2,732536;-0,8333923;-0,9590448;2,642034;-0,8060818;-0,9929984;2,61994;-0,4764652;-0,4762491;2,744603;-0,4052607;-0,7075939;2,641323;-0,4094073;-0,9299079;2,625001;-0,4208958;-1,002184;2,642516;-0,6976081;-0,9428717;2,679146;-0,694659;-1,267426;2,656319;-0,9450312;-1,351408;2,351463;-0,9677697;-1,296732;2,21925;-0,5625321;-0,9506381;2,669709;-0,5749019;-1,274597;2,641881;-0,7889703;-1,425005;2,687327;-0,7697556;-1,478585;2,590163;-0,6143167;-0,4213454;2,900042;-0,7922362;-1,062104;2,605573;-0,7663461;-0,9739538;2,57786;-0,4337732;-1,07058;2,642782;-0,3910393;-1,002176;2,6357;
-0,6477532;-0,9699923;2,718385;-0,6321979;-0,655185;2,835598;-0,615357;-0,3457634;2,940188;-0,6175904;-0,2601398;3,059375;-0,8228707;-0,4878033;2,83294;-0,8560542;-0,7445871;2,748913;-0,8336493;-0,9471262;2,646436;-0,8075382;-0,9834929;2,630381;-0,4787144;-0,4794349;2,752859;-0,4088911;-0,709841;2,646365;-0,4112475;-0,9320292;2,62662;-0,4263044;-1,002465;2,648368;-0,7110392;-0,9588938;2,702341;-0,687963;-1,283926;2,650831;-0,7756817;-1,58673;2,555653;-0,7907109;-1,482753;2,621763;-0,5692722;-0,9581082;2,669899;-0,5754219;-1,282283;2,645716;-0,7849722;-1,433818;2,688715;-0,8110055;-1,504747;2,636953;-0,6199914;-0,4227283;2,916346;-0,790596;-1,020157;2,61568;-0,7673557;-0,9589786;2,587261;-0,4321498;-1,064177;2,641856;-0,4105937;-1,02746;2,618928;
-0,6949346;-0,9856158;2,830936;-0,6727352;-0,6649551;2,949714;-0,6482324;-0,349029;3,053319;-0,6714157;-0,2448264;3,132158;-0,8422012;-0,4964659;2,915121;-0,8945937;-0,7252661;2,837783;-0,8812737;-0,9541388;2,755088;-0,8566189;-1,011677;2,726776;-0,5402316;-0,4660431;2,84605;-0,2441553;-0,490657;2,90809;0,04004406;-0,4010618;2,96039;0,0474253;-0,3090302;2,976098;-0,7571626;-0,9723177;2,81276;-0,7071086;-1,292226;2,719755;-0,845378;-1,581988;2,71951;-0,799871;-1,457799;2,655998;-0,6151423;-0,9740704;2,777743;-0,6424409;-1,295122;2,692631;-0,8405389;-1,548214;2,689685;-0,7862987;-1,444997;2,643647;-0,6548061;-0,4275223;3,030056;-0,8452585;-1,078558;2,714385;-0,8156694;-0,9909241;2,6826;0,03977364;-0,3734453;2,968871;0,0195179;-0,3173032;2,973577;
-0,6915327;-0,9827239;2,829387;-0,6719133;-0,6637958;2,949538;-0,6483547;-0,3486774;3,053572;-0,695873;-0,2465403;3,117806;-0,8422431;-0,4971902;2,915266;-0,8919991;-0,7055386;2,842749;-0,9706015;-0,9014625;2,891188;-0,9036852;-0,9219652;2,790901;-0,4789422;-0,4718458;2,839541;-0,1858522;-0,497255;2,909978;0,09482332;-0,4007847;2,966559;0,3570507;-0,2555754;3,040486;-0,7519509;-0,968754;2,813372;-0,710272;-1,292309;2,721222;-0,8484331;-1,584639;2,720229;-0,8068507;-1,465421;2,664143;-0,6126882;-0,9710838;2,773371;-0,566596;-1,295921;2,760361;-0,7812172;-1,534716;2,7;-0,8693758;-1,518874;2,663046;-0,6548007;-0,4270751;3,030265;-0,8985092;-0,9750269;2,760821;-0,8899161;-0,8981245;2,765143;0,3959878;-0,2038973;3,033287;0,3478753;-0,2237427;2,9932;
-0,6386855;-1,011381;2,859818;-0,6590677;-0,6818169;2,972897;-0,6653234;-0,3628624;3,077029;-0,6589065;-0,2869185;3,207561;-0,8599105;-0,5205829;2,940025;-0,9269081;-0,7761311;2,853394;-0,8044043;-0,5907016;2,635518;-0,7761775;-0,4575275;2,48384;-0,5600416;-0,4813869;2,887326;-0,2594833;-0,5374117;2,87795;0,04295068;-0,5496883;2,865962;0,07638568;-0,5763291;2,870754;-0,68895;-0,994569;2,850918;-0,8134645;-1,288887;2,7778;-0,8229659;-1,715247;2,675172;-0,8113971;-1,712075;2,528992;-0,5723062;-1,002747;2,796736;-0,6370738;-1,316841;2,724735;-0,9505613;-1,611448;2,645216;-1,01172;-1,54298;2,516883;-0,6634563;-0,440841;3,051646;-0,7483801;-0,4210595;2,431454;-0,8329725;-0,4577013;2,449631;0,1270133;-0,5834479;2,872192;0,09727407;-0,5585721;2,8809;
-0,638964;-1,011282;2,858792;-0,6577598;-0,6820059;2,971708;-0,6631868;-0,36191;3,073767;-0,6508247;-0,2944917;3,210103;-0,8426937;-0,495862;2,935858;-0,7940437;-0,4813881;2,663733;-0,7201864;-0,479501;2,443833;-0,7434031;-0,479939;2,451652;-0,5599722;-0,4815442;2,88823;-0,2618797;-0,5383509;2,869016;0,03790383;-0,5533241;2,846382;0,07898321;-0,5801868;2,84098;-0,6905358;-0,9947828;2,850501;-0,8122994;-1,286503;2,777876;-0,8276966;-1,708498;2,680557;-0,8153028;-1,707414;2,534374;-0,572109;-1,00268;2,795469;-0,6793374;-1,298472;2,705966;-0,9751175;-1,604177;2,630307;-1,025949;-1,566583;2,500698;-0,6620777;-0,4406315;3,04987;-0,7492722;-0,4497186;2,400452;-0,8020294;-0,4860775;2,432955;0,1557328;-0,5855074;2,849473;0,07101645;-0,5494394;2,844091;
-0,7143794;-1,014705;2,870871;-0,7160285;-0,6898865;2,960642;-0,7145246;-0,36947;3,035484;-0,6479745;-0,3578154;3,169407;-0,8197626;-0,5499075;2,927866;-0,8097385;-0,7372248;2,796778;-0,7311635;-0,5835481;2,540256;-0,6548743;-0,5958276;2,489698;-0,6167758;-0,4926988;2,864348;-0,3184902;-0,5494809;2,839297;-0,0186774;-0,5646077;2,813033;0,04719874;-0,5464273;2,808084;-0,7750131;-1,001074;2,773488;-0,8013961;-1,314122;2,797213;-0,8845823;-1,703929;2,614883;-0,9142743;-1,655469;2,460972;-0,6360586;-1,00313;2,896892;-0,6589175;-1,279595;2,688506;-0,7874811;-1,56906;2,647774;-0,7200581;-1,431717;2,63026;-0,7154711;-0,4491166;3,019389;-0,6611379;-0,5651663;2,438473;-0,7144274;-0,600921;2,470923;0,124072;-0,5518448;2,816541;0,03950021;-0,5158985;2,811104;
-0,7147223;-1,013661;2,872946;-0,7051191;-0,6859921;2,974573;-0,6768212;-0,3619511;3,072972;-0,5805289;-0,3994006;3,10507;-0,9164582;-0,554947;2,965685;-0,8305802;-0,8010723;2,801585;-0,7490539;-0,6632068;2,536679;-0,6724467;-0,6755531;2,485898;-0,5791169;-0,4851691;2,901806;-0,2808934;-0,5420459;2,876583;0,01894486;-0,5572138;2,850212;0,08509461;-0,538956;2,845233;-0,7755904;-0,9990986;2,78332;-0,7098705;-1,318046;2,77071;-0,9905892;-1,648961;2,726913;-1,054047;-1,560328;2,610119;-0,6363328;-1,002181;2,896406;-0,6556234;-1,283221;2,690411;-0,7873548;-1,573196;2,645342;-0,7195108;-1,435982;2,63338;-0,6845046;-0,4422549;3,05131;-0,6786528;-0,6445848;2,43474;-0,7318646;-0,6799213;2,467277;0,1618214;-0,5444219;2,853651;0,07707109;-0,5085396;2,848175;
-0,7302368;-1,021274;2,869143;-0,7252758;-0,6939763;2,963612;-0,7245414;-0,3729843;3,035699;-0,6495542;-0,4155886;3,027897;-0,8896937;-0,5364316;2,929215;-1,001158;-0,7698932;2,94121;-0,9004599;-0,6630535;2,67014;-0,8238983;-0,6753842;2,619362;-0,564043;-0,5126467;2,939446;-0,3691658;-0,6118813;2,963305;-0,4043244;-0,581643;3,242893;-0,4165612;-0,5724462;3,340242;-0,8065408;-1,009915;2,830007;-0,808947;-1,33499;2,777738;-0,9210069;-1,746754;2,674244;-0,9469085;-1,730239;2,51621;-0,6576672;-1,017893;2,8311;-0,6313668;-1,332997;2,707291;-0,7767025;-1,614742;2,645311;-0,7264112;-1,468928;2,62594;-0,7275869;-0,4536756;3,019036;-0,8296757;-0,6445746;2,568259;-0,8823267;-0,6801161;2,600883;-0,3382255;-0,5781172;3,348735;-0,4207707;-0,5424843;3,343235;
-0,748851;-1,01527;2,871233;-0,7359688;-0,6924447;2,96232;-0,7262146;-0,3731668;3,035287;-0,8252558;-0,4468869;3,052294;-0,7075216;-0,440584;2,925617;-0,9024302;-0,6563278;2,926865;-0,9897934;-0,9341884;2,928164;-1,011042;-1,023611;2,942021;-0,5697725;-0,5103292;2,942173;-0,4046515;-0,6308368;3,00515;-0,4165624;-0,6046041;3,284908;-0,3774454;-0,5763274;3,333101;-0,8109456;-0,9977497;2,828029;-0,8080883;-1,318713;2,779304;-0,9116047;-1,73132;2,677122;-0,9052348;-1,724974;2,522025;-0,6773169;-1,014286;2,842711;-0,6153428;-1,321597;2,721535;-0,7514566;-1,605084;2,651057;-0,7045931;-1,46002;2,638531;-0,7297146;-0,453455;3,018739;-1,023794;-1,102036;2,96574;-0,9613107;-1,030544;2,905091;-0,2992404;-0,5819916;3,341649;-0,3819532;-0,5463516;3,336231;
-0,7479048;-1,020125;2,872588;-0,7387897;-0,6967053;2,967801;-0,7333023;-0,3778714;3,052109;-0,8148804;-0,4516914;3,04272;-0,6021036;-0,4759604;2,931896;-0,8409666;-0,6414521;2,934073;-1,016589;-0,8725231;2,93783;-1,020326;-0,9454811;2,950621;-0,5711176;-0,5153069;2,948203;-0,391393;-0,6311408;2,982763;-0,4139163;-0,6140264;3,262054;-0,469817;-0,5714058;3,751937;-0,7857647;-1,001209;2,829657;-0,8344109;-1,318101;2,792035;-0,8338616;-1,731641;2,637324;-0,741452;-1,713965;2,502262;-0,6888095;-1,024936;2,846259;-0,5985214;-1,336602;2,826495;-0,349386;-1,530589;2,894007;-0,4517992;-1,439669;2,828168;-0,7353022;-0,4576991;3,032719;-1,0347;-1,031249;2,988089;-0,980734;-0,9669242;2,917;-0,4298681;-0,535715;3,804306;-0,5085428;-0,5717124;3,731177;
-0,7426652;-1,026129;2,87552;-0,737734;-0,698199;2,969076;-0,732941;-0,3778324;3,052214;-0,6645854;-0,4602738;3,137706;-0,7576245;-0,4998183;2,948915;-0,9601986;-0,7081574;2,948885;-1,035642;-0,9088319;2,939789;-1,01851;-0,9824373;2,967789;-0,5715553;-0,5152633;2,94864;-0,3717777;-0,6045401;2,96496;-0,3981616;-0,6075751;3,244724;-0,4143001;-0,5746066;3,329049;-0,7911323;-1,004786;2,835746;-0,8354149;-1,322561;2,793636;-0,8364462;-1,732285;2,628537;-0,8108955;-1,702131;2,465964;-0,6626788;-1,03193;2,844526;-0,6073464;-1,349784;2,828721;-0,3579043;-1,543539;2,895493;-0,4604819;-1,451596;2,83265;-0,7348483;-0,4577965;3,033082;-1,018983;-1,057252;2,981262;-0,9830166;-0,9858072;2,9307;-0,3743409;-0,5386781;3,38144;-0,4530485;-0,5744184;3,308318;
-0,7408703;-1,027178;2,876995;-0,7369796;-0,698931;2,970664;-0,7325846;-0,3778236;3,052872;-0,8300709;-0,4599975;3,08387;-0,8088308;-0,4935808;2,9488;-0,9843321;-0,7248713;2,953407;-0,961237;-0,9330348;2,887425;-0,9824159;-0,9796336;2,940969;-0,5718988;-0,5154023;2,948815;-0,3713439;-0,6046955;2,960872;-0,4141723;-0,6025665;3,238714;-0,3898982;-0,5735852;3,295362;-0,7924826;-1,007412;2,840661;-0,8358536;-1,325719;2,79332;-0,840784;-1,734365;2,62466;-0,8155869;-1,703735;2,462051;-0,6609244;-1,029945;2,843941;-0,6100461;-1,348655;2,829849;-0,3598229;-1,53677;2,90816;-0,4627334;-1,447018;2,841502;-0,7343352;-0,4578822;3,034162;-0,9746232;-1,016408;2,945857;-0,969589;-0,9874105;2,919;-0,3500005;-0,5376344;3,347729;-0,4287908;-0,5733517;3,274576;
-0,7440127;-1,02808;2,880811;-0,7366756;-0,7002614;2,974043;-0,7273306;-0,3793601;3,056209;-0,8125665;-0,4361534;3,181419;-0,7083032;-0,4627481;2,935714;-0,9125345;-0,6664859;2,947142;-0,9776725;-0,8906046;2,920451;-1,001001;-0,9762943;2,955561;-0,5724273;-0,5153505;2,948985;-0,3702374;-0,6002163;2,955073;-0,4150544;-0,6003027;3,231054;-0,396355;-0,5733138;3,290433;-0,8012442;-1,003779;2,847829;-0,8326989;-1,323333;2,792736;-0,8514891;-1,732189;2,628137;-0,8142782;-1,706971;2,4671;-0,6642266;-1,031292;2,846012;-0,6096285;-1,349213;2,830835;-0,3736079;-1,545168;2,925723;-0,4729685;-1,453201;2,853521;-0,7306247;-0,459259;3,037721;-0,996763;-1,062047;2,972316;-0,9697814;-1,047367;2,94275;-0,3564319;-0,5373584;3,342787;-0,4351913;-0,5730707;3,269617;
-0,7457283;-1,027576;2,883149;-0,7355533;-0,7015089;2,980936;-0,7196265;-0,3828622;3,068952;-0,8325641;-0,4281542;3,161919;-0,7078926;-0,4631445;2,936128;-0,9100985;-0,6663822;2,95103;-0,9817278;-0,9466425;2,935009;-1,002361;-1,021986;2,978924;-0,5725625;-0,5153074;2,949102;-0,3710193;-0,6001612;2,951202;-0,4200886;-0,5987852;3,22509;-0,3616098;-0,5658315;3,235739;-0,8037022;-1,003083;2,850965;-0,8301877;-1,322919;2,795002;-0,8580807;-1,728529;2,625052;-0,824549;-1,701194;2,463348;-0,6665131;-1,029812;2,847082;-0,609281;-1,347136;2,831278;-0,3746393;-1,546198;2,921841;-0,4743432;-1,45416;2,850635;-0,7246184;-0,4620777;3,049308;-1,008575;-1,095572;2,991795;-0,971196;-1,0229;2,946539;-0,3217753;-0,5298612;3,288068;-0,4006545;-0,565563;3,214867;
-0,7467726;-1,026451;2,884907;-0,738037;-0,7013496;2,988176;-0,7251297;-0,3836138;3,081103;-0,8385884;-0,4412067;3,155794;-0,7127185;-0,4646282;2,949531;-0,9134428;-0,6703818;2,957647;-0,992121;-0,9484268;2,955496;-0,9992958;-1,048699;2,989341;-0,5721933;-0,5162923;2,949842;-0,3693468;-0,5990947;2,947541;-0,4188989;-0,5955653;3,221351;-0,4359339;-0,5952526;3,316787;-0,8052469;-1,002033;2,852554;-0,8175735;-1,323306;2,799045;-0,8973931;-1,71792;2,619948;-0,8898072;-1,681667;2,457046;-0,6677588;-1,027773;2,848447;-0,6099473;-1,34519;2,830969;-0,3735285;-1,542197;2,921629;-0,4741408;-1,451462;2,850417;-0,7290481;-0,4625586;3,06027;-1,006633;-1,126297;3,01249;-0,9688086;-1,06094;2,963231;-0,3958942;-0,5592437;3,369153;-0,4745021;-0,594884;3,295991;
-0,6950054;-1,049794;2,956622;-0,6852406;-0,7274904;3,058608;-0,6728303;-0,4093757;3,145519;-0,6366559;-0,4638303;3,111013;-0,8616329;-0,5752506;3,020936;-0,9584799;-0,7885227;3,015753;-0,947149;-1,040142;3,009228;-0,9544252;-1,131573;3,036602;-0,677838;-0,4565336;3,043557;-0,413744;-0,5710545;2,950627;-0,4410723;-0,5769121;3,228139;-0,3800891;-0,5481579;3,23529;-0,7464842;-1,043121;2,9392;-0,7439147;-1,363073;2,860208;-0,9504552;-1,714628;2,696799;-0,9988281;-1,65377;2,5539;-0,6265707;-1,030908;2,902058;-0,5918059;-1,350459;2,888695;-0,5238178;-1,298573;2,564984;-0,524763;-1,242596;2,422644;-0,6764271;-0,4884873;3,126437;-0,9470177;-1,190333;3,031689;-0,9119432;-1,109731;3,004083;-0,3401898;-0,5122443;3,287604;-0,4189881;-0,5480179;3,214383;
-0,6774632;-1,101674;2,944283;-0,6874191;-0,7887155;3,004205;-0,6940795;-0,4790793;3,049366;-0,7934934;-0,5581712;3,078349;-0,7287067;-0,6028618;2,968547;-0,9454966;-0,7818763;3,013289;-0,9447918;-1,042626;3,012933;-0,9422484;-1,134677;3,042442;-0,5189754;-0,5990857;2,955622;-0,3199116;-0,690659;2,928053;-0,3651924;-0,687115;3,203192;-0,3031316;-0,6625644;3,214109;-0,7471194;-1,088796;2,925611;-0,7478524;-1,409467;2,875205;-0,9835123;-1,673865;2,61045;-1,001513;-1,567578;2,483013;-0,5912628;-1,085959;2,891901;-0,6046256;-1,40155;2,901624;-0,5375645;-1,361159;2,576641;-0,5322667;-1,315991;2,430958;-0,6930022;-0,5561787;3,040694;-0,9288076;-1,195997;3,033438;-0,8990017;-1,126098;3,006778;-0,2634915;-0,62626;3,266481;-0,3426161;-0,6615416;3,193328;
-0,6754815;-1,114172;2,947488;-0,6999138;-0,8064484;3,004192;-0,7358741;-0,5086848;3,043141;-0,7165561;-0,6087597;3,037018;-0,8649987;-0,636818;3,024513;-0,9589719;-0,8258925;3,022556;-0,9427069;-1,045248;3,016681;-0,9334071;-1,137794;3,048473;-0,5438337;-0,6438434;2,943568;-0,3498821;-0,7455841;2,920961;-0,391585;-0,7430816;3,196735;-0,3296949;-0,7185999;3,207629;-0,7434046;-1,110072;2,930672;-0,759747;-1,428742;2,905301;-0,9340713;-1,666316;2,57374;-0,9429456;-1,549876;2,453598;-0,5905061;-1,09307;2,893739;-0,5916702;-1,408614;2,904505;-0,5311608;-1,393602;2,57676;-0,5423415;-1,35359;2,431491;-0,7260768;-0,5827041;3,036414;-0,9202225;-1,20724;3,036435;-0,8906013;-1,109389;3,0237;-0,28997;-0,6821163;3,26007;-0,3689855;-0,7171687;3,186992;
-0,7400706;-1,876885;2,972317;-0,7707021;-1,583801;3,023353;-0,7974523;-1,289455;3,060466;-0,7690539;-1,18483;3,038302;-0,9262879;-1,415741;3,041958;-1,007025;-1,606137;3,045293;-0,9994959;-1,822495;3,04421;-1,001705;-1,911826;3,059322;-0,6055389;-1,42319;2,960633;-0,4117039;-1,520634;2,939269;-0,4533017;-1,515134;3,216399;-0,3916484;-1,490764;3,22729;-0,8007179;-1,862141;2,931065;-0,8261919;-2,227447;2,941768;-0,8576303;-2,594741;2,977508;-0,8838741;-2,626092;2,854068;-0,6633721;-1,850947;2,949144;-0,6260677;-2,220116;2,89339;-0,595893;-2,59083;2,865065;-0,6113436;-2,608904;2,731995;-0,7914495;-1,363481;3,053686;-0,9886123;-1,97931;3,048197;-0,9591238;-1,879054;3,036708;-0,3518376;-1,452105;3,280557;-0,4307016;-1,484335;3,208443;
-0,753749;-1,88512;3,005248;-0,7841679;-1,597963;3,056439;-0,8109355;-1,310114;3,094389;-0,7820939;-1,212038;3,063225;-0,9397396;-1,436368;3,075898;-1,020456;-1,626723;3,079257;-1,012923;-1,843061;3,078186;-1,015127;-1,932122;3,093256;-0,6190537;-1,443808;2,994568;-0,4252122;-1,541222;2,973225;-0,4667725;-1,535724;3,250361;-0,4053082;-1,511429;3,261219;-0,8145845;-1,871777;2,972316;-0,8381536;-2,238756;2,970339;-0,8677526;-2,607274;2,993829;-0,8930312;-2,635338;2,868471;-0,676576;-1,858113;2,974745;-0,6414706;-2,227691;2,934202;-0,6135135;-2,598545;2,920606;-0,6291533;-2,62033;2,789137;-0,8049109;-1,382456;3,087339;-1,002028;-1,999606;3,082132;-0,9725303;-1,899356;3,070643;-0,3654712;-1,472761;3,314493;-0,4442974;-1,504974;3,242391;
-0,6942517;-1,903696;2,951094;-0,7243434;-1,608255;3,002905;-0,7507387;-1,31143;3,040765;-0,7623779;-1,190493;3,037441;-0,8796771;-1,437666;3,022276;-0,9606673;-1,627905;3,025653;-0,953298;-1,844157;3,024595;-0,9554973;-1,932965;3,039615;-0,5588685;-1,44511;2,94089;-0,365283;-1,542391;2,919562;-0,4070832;-1,536787;3,196764;-0,3457865;-1,512557;3,207588;-0,7543241;-1,891229;2,909238;-0,7802692;-2,256288;2,924501;-0,8117425;-2,62324;2,964467;-0,8385825;-2,655573;2,842083;-0,6191046;-1,874853;2,928914;-0,5770329;-2,244031;2,873633;-0,5419444;-2,614578;2,845664;-0,5570012;-2,632681;2,71282;-0,7447908;-1,386094;3,0338;-0,9425336;-2,000372;3,028526;-0,9132121;-1,900022;3,017088;-0,3061158;-1,473824;3,260902;-0,3851588;-1,50596;3,188849;
-0,6987446;-1,900185;2,962034;-0,7280562;-1,611486;3,011125;-0,7550913;-1,323455;3,049357;-0,7570033;-1,203508;3,045152;-0,8840181;-1,449668;3,030876;-0,965;-1,639862;3,034272;-0,9576289;-1,856088;3,033227;-0,9598224;-1,944654;3,048207;-0,5632305;-1,457112;2,949485;-0,3696421;-1,554354;2,928177;-0,4114295;-1,548729;3,205394;-0,3503001;-1,524565;3,216189;-0,7575303;-1,885855;2,906647;-0,7827627;-2,249866;2,935213;-0,8136541;-2,616357;2,988123;-0,8410632;-2,652934;2,868204;-0,6285053;-1,875623;2,980322;-0,5803602;-2,236481;2,854929;-0,539283;-2,599148;2,759118;-0,5536322;-2,602576;2,621474;-0,7488958;-1,3954;3,042155;-0,9464833;-2,010015;3,03855;-0,9175325;-1,911681;3,0257;-0,3100154;-1,484681;3,2703;-0,3896499;-1,517923;3,197474;
-0,7033503;-1,900019;2,985392;-0,734311;-1,640148;3,039461;-0,7609282;-1,384591;3,075543;-0,7644852;-1,264662;3,071874;-0,8898336;-1,510682;3,057097;-0,9708423;-1,700615;3,060591;-0,9635014;-1,91668;3,059608;-0,9656901;-2,005005;3,074552;-0,569112;-1,518129;2,975671;-0,375571;-1,615128;2,954461;-0,4173576;-1,609363;3,231766;-0,3563919;-1,585266;3,242533;-0,7606415;-1,884385;2,972272;-0,7829893;-2,255061;2,940849;-0,8110015;-2,62828;2,935886;-0,8353763;-2,648497;2,806818;-0,6318569;-1,875158;2,967711;-0,5948732;-2,245924;2,911895;-0,564625;-2,619153;2,883415;-0,5800418;-2,636689;2,750442;-0,7550833;-1,449821;3,069735;-0,9527485;-2,072301;3,063523;-0,9234539;-1,971821;3,052164;-0,3167111;-1,546398;3,295916;-0,3957337;-1,578352;3,223949;
-0,6836521;-1,11693;3,131067;-0,6983664;-0,8021215;3,293934;-0,7103589;-0,4913855;3,441935;-0,6272977;-0,5318888;3,415007;-0,8058162;-0,6414754;3,2749;-0,8876024;-0,8371181;3,27714;-0,8802422;-1,055799;3,275091;-0,8824546;-1,144054;3,290053;-0,7244186;-0,5461689;3,302832;-0,5061356;-0,727847;3,200177;-0,5084996;-0,6905887;3,47821;-0,4476747;-0,6665283;3,48892;-0,7233911;-1,121703;3,114707;-0,7903786;-1,427283;3,141993;-0,8947288;-1,850533;3,136563;-0,9424498;-1,864591;3,002981;-0,6282457;-1,086594;3,075785;-0,5840954;-1,403237;2,980415;-0,7117347;-0,9889101;3,079789;-0,7299746;-1,10735;3,052339;-0,7078589;-0,5687122;3,407546;-0,8696212;-1,213696;3,27791;-0,8404405;-1,116136;3,265017;-0,4076905;-0,6304199;3,541368;-0,4863445;-0,6659113;3,468317;
-0,7436883;-1,172209;3,204385;-0,7072587;-0,927293;3,280138;-0,668855;-0,6837737;3,341789;-0,672408;-0,5855479;3,497633;-0,8820565;-0,6801459;3,430991;-0,9636118;-0,8756577;3,433309;-0,9561457;-1,094283;3,431309;-0,9583538;-1,182307;3,446247;-0,5236112;-0,7601049;3,386847;-0,4227835;-0,9347846;3,445059;-0,2975032;-0,7514099;3,629154;-0,275712;-0,7362272;3,662881;-0,8117736;-1,164948;3,188022;-0,8230541;-1,480125;3,210683;-0,9194623;-1,871633;3,027352;-0,9258796;-1,819865;2,868539;-0,6590192;-1,153396;3,149472;-0,6068756;-1,457887;3,007883;-0,7347457;-1,042603;3,107599;-0,6875399;-1,152448;3,036599;-0,6788637;-0,7446455;3,328941;-0,945427;-1,251987;3,434117;-0,9161188;-1,154504;3,421232;-0,2533782;-0,6970917;3,693926;-0,3108232;-0,683132;3,6314;
-0,7435784;-1,170631;3,206705;-0,7071066;-0,9247314;3,283782;-0,668662;-0,6800222;3,347049;-0,6847017;-0,5881845;3,500994;-0,881749;-0,6823305;3,429534;-0,9557672;-0,8819979;3,403559;-0,9257022;-1,093583;3,411906;-0,9279063;-1,181412;3,426808;-0,5237631;-0,7603019;3,387572;-0,4105035;-0,9384347;3,509015;-0,2800012;-0,7263342;3,658424;-0,2641704;-0,7224183;3,678121;-0,8114845;-1,161862;3,192729;-0,8153161;-1,476285;3,221471;-0,837451;-1,797135;3,219651;-0,8236704;-1,649354;3,1611;-0,659015;-1,152854;3,150231;-0,607119;-1,457499;3,008802;-0,7349527;-1,042329;3,108485;-0,6889314;-1,152537;3,037869;-0,6786801;-0,7412081;3,333771;-0,915049;-1,251072;3,414665;-0,8858317;-1,15356;3,401765;-0,2445511;-0,6954905;3,711931;-0,2916059;-0,6856527;3,642;
